label,value_1,value_2,value_3,value_4,value_5,value_6,value_7,value_8,value_9,value_10,value_11,value_12,value_13,value_14,value_15,value_16,value_17,value_18,value_19,value_20,value_21,value_22,value_23,value_24,value_25,value_26,value_27,value_28,value_29,value_30,value_31,value_32,value_33,value_34,value_35,value_36,value_37,value_38,value_39,value_40,value_41,value_42,value_43,value_44,value_45
trip_id,387287301,387287301,387287301,387287301,387287301,387287301,387287301,387287301,387287301,387287301,387287301,387287301,387287301,387287301,387287301,387287301,387287301,387287301,387287301,387287301,387287301,387287301,387287301,387287301,387287625,387287625,387287625,387287625,387287625,387287625,387287625,387287625,387287625,387287625,387287625,387287625,387287625,387287625,387287625,387287625,387287625,387287625,387287625,387287625,387287625
dest_taz,408,415,437,466,479,504,510,520,523,533,546,563,564,572,583,586,595,651,659,671,680,688,702,713,405,407,414,465,466,520,590,605,607,608,611,612,625,644,747,751,752,761,765,767,811
prob,0.004695465788245201,0.0026387935504317284,0.0009290425223298371,0.02584453672170639,0.00032755997381173074,0.005583339836448431,0.0001173966156784445,0.0020428646821528673,0.007153126876801252,0.002702761208638549,0.025797642767429352,0.024721305817365646,0.01082900632172823,0.0012459553545340896,0.037181224673986435,0.003229249734431505,0.00980139710009098,0.0029172629583626986,0.006956262048333883,0.005552371498197317,0.01288285106420517,0.0026863059028983116,0.02016819454729557,0.0006319692474789917,0.029197512194514275,0.02480071783065796,0.005388762801885605,0.003533857874572277,0.02293526381254196,0.00012138840975239873,0.005819218698889017,0.01806137152016163,0.1256750226020813,0.022874807938933372,0.008580096997320652,0.004042149055749178,0.0036026278976351023,0.0006037655984982848,0.00037231174064800143,0.09587448090314865,0.07296500355005264,0.019133413210511208,0.006837700493633747,0.047022659331560135,0.00041491285082884133
pick_count,1,1,1,1,1,1,1,1,1,1,2,3,1,1,3,1,1,1,1,1,1,1,2,1,1,2,1,1,1,1,2,1,5,2,1,1,1,1,1,2,1,2,1,1,1
person_id,1180753,1180753,1180753,1180753,1180753,1180753,1180753,1180753,1180753,1180753,1180753,1180753,1180753,1180753,1180753,1180753,1180753,1180753,1180753,1180753,1180753,1180753,1180753,1180753,1180754,1180754,1180754,1180754,1180754,1180754,1180754,1180754,1180754,1180754,1180754,1180754,1180754,1180754,1180754,1180754,1180754,1180754,1180754,1180754,1180754
household_id,456291,456291,456291,456291,456291,456291,456291,456291,456291,456291,456291,456291,456291,456291,456291,456291,456291,456291,456291,456291,456291,456291,456291,456291,456291,456291,456291,456291,456291,456291,456291,456291,456291,456291,456291,456291,456291,456291,456291,456291,456291,456291,456291,456291,456291
tour_id,48410912,48410912,48410912,48410912,48410912,48410912,48410912,48410912,48410912,48410912,48410912,48410912,48410912,48410912,48410912,48410912,48410912,48410912,48410912,48410912,48410912,48410912,48410912,48410912,48410953,48410953,48410953,48410953,48410953,48410953,48410953,48410953,48410953,48410953,48410953,48410953,48410953,48410953,48410953,48410953,48410953,48410953,48410953,48410953,48410953
primary_purpose,work,work,work,work,work,work,work,work,work,work,work,work,work,work,work,work,work,work,work,work,work,work,work,work,work,work,work,work,work,work,work,work,work,work,work,work,work,work,work,work,work,work,work,work,work
trip_num,1,1,1,1,1,1,1,1,1,1,1,1,1,1,1,1,1,1,1,1,1,1,1,1,1,1,1,1,1,1,1,1,1,1,1,1,1,1,1,1,1,1,1,1,1
outbound,False,False,False,False,False,False,False,False,False,False,False,False,False,False,False,False,False,False,False,False,False,False,False,False,True,True,True,True,True,True,True,True,True,True,True,True,True,True,True,True,True,True,True,True,True
trip_count,2,2,2,2,2,2,2,2,2,2,2,2,2,2,2,2,2,2,2,2,2,2,2,2,2,2,2,2,2,2,2,2,2,2,2,2,2,2,2,2,2,2,2,2,2
purpose,eatout,eatout,eatout,eatout,eatout,eatout,eatout,eatout,eatout,eatout,eatout,eatout,eatout,eatout,eatout,eatout,eatout,eatout,eatout,eatout,eatout,eatout,eatout,eatout,shopping,shopping,shopping,shopping,shopping,shopping,shopping,shopping,shopping,shopping,shopping,shopping,shopping,shopping,shopping,shopping,shopping,shopping,shopping,shopping,shopping
destination,755,755,755,755,755,755,755,755,755,755,755,755,755,755,755,755,755,755,755,755,755,755,755,755,604,604,604,604,604,604,604,604,604,604,604,604,604,604,604,604,604,604,604,604,604
origin,697,697,697,697,697,697,697,697,697,697,697,697,697,697,697,697,697,697,697,697,697,697,697,697,755,755,755,755,755,755,755,755,755,755,755,755,755,755,755,755,755,755,755,755,755
failed,False,False,False,False,False,False,False,False,False,False,False,False,False,False,False,False,False,False,False,False,False,False,False,False,False,False,False,False,False,False,False,False,False,False,False,False,False,False,False,False,False,False,False,False,False
next_trip_id,387287302,387287302,387287302,387287302,387287302,387287302,387287302,387287302,387287302,387287302,387287302,387287302,387287302,387287302,387287302,387287302,387287302,387287302,387287302,387287302,387287302,387287302,387287302,387287302,387287626,387287626,387287626,387287626,387287626,387287626,387287626,387287626,387287626,387287626,387287626,387287626,387287626,387287626,387287626,387287626,387287626,387287626,387287626,387287626,387287626
tour_mode,DRIVEALONEFREE,DRIVEALONEFREE,DRIVEALONEFREE,DRIVEALONEFREE,DRIVEALONEFREE,DRIVEALONEFREE,DRIVEALONEFREE,DRIVEALONEFREE,DRIVEALONEFREE,DRIVEALONEFREE,DRIVEALONEFREE,DRIVEALONEFREE,DRIVEALONEFREE,DRIVEALONEFREE,DRIVEALONEFREE,DRIVEALONEFREE,DRIVEALONEFREE,DRIVEALONEFREE,DRIVEALONEFREE,DRIVEALONEFREE,DRIVEALONEFREE,DRIVEALONEFREE,DRIVEALONEFREE,DRIVEALONEFREE,DRIVEALONEFREE,DRIVEALONEFREE,DRIVEALONEFREE,DRIVEALONEFREE,DRIVEALONEFREE,DRIVEALONEFREE,DRIVEALONEFREE,DRIVEALONEFREE,DRIVEALONEFREE,DRIVEALONEFREE,DRIVEALONEFREE,DRIVEALONEFREE,DRIVEALONEFREE,DRIVEALONEFREE,DRIVEALONEFREE,DRIVEALONEFREE,DRIVEALONEFREE,DRIVEALONEFREE,DRIVEALONEFREE,DRIVEALONEFREE,DRIVEALONEFREE
trip_period,PM,PM,PM,PM,PM,PM,PM,PM,PM,PM,PM,PM,PM,PM,PM,PM,PM,PM,PM,PM,PM,PM,PM,PM,AM,AM,AM,AM,AM,AM,AM,AM,AM,AM,AM,AM,AM,AM,AM,AM,AM,AM,AM,AM,AM
is_joint,False,False,False,False,False,False,False,False,False,False,False,False,False,False,False,False,False,False,False,False,False,False,False,False,False,False,False,False,False,False,False,False,False,False,False,False,False,False,False,False,False,False,False,False,False
hhsize,3,3,3,3,3,3,3,3,3,3,3,3,3,3,3,3,3,3,3,3,3,3,3,3,3,3,3,3,3,3,3,3,3,3,3,3,3,3,3,3,3,3,3,3,3
age,38,38,38,38,38,38,38,38,38,38,38,38,38,38,38,38,38,38,38,38,38,38,38,38,38,38,38,38,38,38,38,38,38,38,38,38,38,38,38,38,38,38,38,38,38
auto_ownership,2,2,2,2,2,2,2,2,2,2,2,2,2,2,2,2,2,2,2,2,2,2,2,2,2,2,2,2,2,2,2,2,2,2,2,2,2,2,2,2,2,2,2,2,2
number_of_participants,1,1,1,1,1,1,1,1,1,1,1,1,1,1,1,1,1,1,1,1,1,1,1,1,1,1,1,1,1,1,1,1,1,1,1,1,1,1,1,1,1,1,1,1,1
tour_category,mandatory,mandatory,mandatory,mandatory,mandatory,mandatory,mandatory,mandatory,mandatory,mandatory,mandatory,mandatory,mandatory,mandatory,mandatory,mandatory,mandatory,mandatory,mandatory,mandatory,mandatory,mandatory,mandatory,mandatory,mandatory,mandatory,mandatory,mandatory,mandatory,mandatory,mandatory,mandatory,mandatory,mandatory,mandatory,mandatory,mandatory,mandatory,mandatory,mandatory,mandatory,mandatory,mandatory,mandatory,mandatory
parent_tour_id,,,,,,,,,,,,,,,,,,,,,,,,,,,,,,,,,,,,,,,,,,,,,
duration,11.0,11.0,11.0,11.0,11.0,11.0,11.0,11.0,11.0,11.0,11.0,11.0,11.0,11.0,11.0,11.0,11.0,11.0,11.0,11.0,11.0,11.0,11.0,11.0,11.0,11.0,11.0,11.0,11.0,11.0,11.0,11.0,11.0,11.0,11.0,11.0,11.0,11.0,11.0,11.0,11.0,11.0,11.0,11.0,11.0
value_of_time,50.0,50.0,50.0,50.0,50.0,50.0,50.0,50.0,50.0,50.0,50.0,50.0,50.0,50.0,50.0,50.0,50.0,50.0,50.0,50.0,50.0,50.0,50.0,50.0,50.0,50.0,50.0,50.0,50.0,50.0,50.0,50.0,50.0,50.0,50.0,50.0,50.0,50.0,50.0,50.0,50.0,50.0,50.0,50.0,50.0
tour_type,work,work,work,work,work,work,work,work,work,work,work,work,work,work,work,work,work,work,work,work,work,work,work,work,work,work,work,work,work,work,work,work,work,work,work,work,work,work,work,work,work,work,work,work,work
free_parking_at_work,False,False,False,False,False,False,False,False,False,False,False,False,False,False,False,False,False,False,False,False,False,False,False,False,False,False,False,False,False,False,False,False,False,False,False,False,False,False,False,False,False,False,False,False,False
is_joint,False,False,False,False,False,False,False,False,False,False,False,False,False,False,False,False,False,False,False,False,False,False,False,False,False,False,False,False,False,False,False,False,False,False,False,False,False,False,False,False,False,False,False,False,False
is_indiv,True,True,True,True,True,True,True,True,True,True,True,True,True,True,True,True,True,True,True,True,True,True,True,True,True,True,True,True,True,True,True,True,True,True,True,True,True,True,True,True,True,True,True,True,True
is_atwork_subtour,False,False,False,False,False,False,False,False,False,False,False,False,False,False,False,False,False,False,False,False,False,False,False,False,False,False,False,False,False,False,False,False,False,False,False,False,False,False,False,False,False,False,False,False,False
c_cost,-0.00026399999999999997,-0.00026399999999999997,-0.00026399999999999997,-0.00026399999999999997,-0.00026399999999999997,-0.00026399999999999997,-0.00026399999999999997,-0.00026399999999999997,-0.00026399999999999997,-0.00026399999999999997,-0.00026399999999999997,-0.00026399999999999997,-0.00026399999999999997,-0.00026399999999999997,-0.00026399999999999997,-0.00026399999999999997,-0.00026399999999999997,-0.00026399999999999997,-0.00026399999999999997,-0.00026399999999999997,-0.00026399999999999997,-0.00026399999999999997,-0.00026399999999999997,-0.00026399999999999997,-0.00026399999999999997,-0.00026399999999999997,-0.00026399999999999997,-0.00026399999999999997,-0.00026399999999999997,-0.00026399999999999997,-0.00026399999999999997,-0.00026399999999999997,-0.00026399999999999997,-0.00026399999999999997,-0.00026399999999999997,-0.00026399999999999997,-0.00026399999999999997,-0.00026399999999999997,-0.00026399999999999997,-0.00026399999999999997,-0.00026399999999999997,-0.00026399999999999997,-0.00026399999999999997,-0.00026399999999999997,-0.00026399999999999997
parent_tour_mode,,,,,,,,,,,,,,,,,,,,,,,,,,,,,,,,,,,,,,,,,,,,,
work_tour_is_SOV,False,False,False,False,False,False,False,False,False,False,False,False,False,False,False,False,False,False,False,False,False,False,False,False,False,False,False,False,False,False,False,False,False,False,False,False,False,False,False,False,False,False,False,False,False
work_tour_is_bike,False,False,False,False,False,False,False,False,False,False,False,False,False,False,False,False,False,False,False,False,False,False,False,False,False,False,False,False,False,False,False,False,False,False,False,False,False,False,False,False,False,False,False,False,False
i_tour_mode,1,1,1,1,1,1,1,1,1,1,1,1,1,1,1,1,1,1,1,1,1,1,1,1,1,1,1,1,1,1,1,1,1,1,1,1,1,1,1,1,1,1,1,1,1
tour_mode_is_SOV,True,True,True,True,True,True,True,True,True,True,True,True,True,True,True,True,True,True,True,True,True,True,True,True,True,True,True,True,True,True,True,True,True,True,True,True,True,True,True,True,True,True,True,True,True
tour_mode_is_auto,True,True,True,True,True,True,True,True,True,True,True,True,True,True,True,True,True,True,True,True,True,True,True,True,True,True,True,True,True,True,True,True,True,True,True,True,True,True,True,True,True,True,True,True,True
tour_mode_is_walk,False,False,False,False,False,False,False,False,False,False,False,False,False,False,False,False,False,False,False,False,False,False,False,False,False,False,False,False,False,False,False,False,False,False,False,False,False,False,False,False,False,False,False,False,False
tour_mode_is_bike,False,False,False,False,False,False,False,False,False,False,False,False,False,False,False,False,False,False,False,False,False,False,False,False,False,False,False,False,False,False,False,False,False,False,False,False,False,False,False,False,False,False,False,False,False
tour_mode_is_walk_transit,False,False,False,False,False,False,False,False,False,False,False,False,False,False,False,False,False,False,False,False,False,False,False,False,False,False,False,False,False,False,False,False,False,False,False,False,False,False,False,False,False,False,False,False,False
tour_mode_is_drive_transit,False,False,False,False,False,False,False,False,False,False,False,False,False,False,False,False,False,False,False,False,False,False,False,False,False,False,False,False,False,False,False,False,False,False,False,False,False,False,False,False,False,False,False,False,False
tour_mode_is_ride_hail,False,False,False,False,False,False,False,False,False,False,False,False,False,False,False,False,False,False,False,False,False,False,False,False,False,False,False,False,False,False,False,False,False,False,False,False,False,False,False,False,False,False,False,False,False
inbound,True,True,True,True,True,True,True,True,True,True,True,True,True,True,True,True,True,True,True,True,True,True,True,True,False,False,False,False,False,False,False,False,False,False,False,False,False,False,False,False,False,False,False,False,False
first_trip,True,True,True,True,True,True,True,True,True,True,True,True,True,True,True,True,True,True,True,True,True,True,True,True,True,True,True,True,True,True,True,True,True,True,True,True,True,True,True,True,True,True,True,True,True
last_trip,False,False,False,False,False,False,False,False,False,False,False,False,False,False,False,False,False,False,False,False,False,False,False,False,False,False,False,False,False,False,False,False,False,False,False,False,False,False,False,False,False,False,False,False,False
_origin_terminal_time,0,0,0,0,0,0,0,0,0,0,0,0,0,0,0,0,0,0,0,0,0,0,0,0,0,0,0,0,0,0,0,0,0,0,0,0,0,0,0,0,0,0,0,0,0
_dest_terminal_time,0,0,0,0,0,0,0,0,0,0,0,0,0,0,0,0,0,0,0,0,0,0,0,0,0,0,0,0,0,0,0,0,0,0,0,0,0,0,0,0,0,0,0,0,0
total_terminal_time,0,0,0,0,0,0,0,0,0,0,0,0,0,0,0,0,0,0,0,0,0,0,0,0,0,0,0,0,0,0,0,0,0,0,0,0,0,0,0,0,0,0,0,0,0
free_parking_available,False,False,False,False,False,False,False,False,False,False,False,False,False,False,False,False,False,False,False,False,False,False,False,False,False,False,False,False,False,False,False,False,False,False,False,False,False,False,False,False,False,False,False,False,False
dest_hourly_peak_parking_cost,12.82942593291068,9.366602331536852,4.482590707009378,16.775468883690955,1.0978105158349578,14.861684007540694,0.0,1.926055146596945,0.9193990454462386,12.308428111013631,99.54216736297545,12.062996514953728,2.160284114733179,0.0,2.1776837568969363,0.0,18.56199301484871,0.0,0.03517325417568218,7.002065068397656,1.291354879181704,3.47350672828827,2.0566648135362366,0.0,1.185985316572871,10.660852082892903,7.0142285959832105,11.034230768295735,16.775468883690955,1.926055146596945,0.0,8.435374569650673,6.4404999001122025,8.880785305045881,0.0,4.301249363941073,0.0,0.0,0.0,1.5453411313450534,7.099210115050621,6.691038650957581,0.9604287702878572,2.4313508314945587,4.797122356340453
origin_hourly_peak_parking_cost,0.10636584579002913,0.10636584579002913,0.10636584579002913,0.10636584579002913,0.10636584579002913,0.10636584579002913,0.10636584579002913,0.10636584579002913,0.10636584579002913,0.10636584579002913,0.10636584579002913,0.10636584579002913,0.10636584579002913,0.10636584579002913,0.10636584579002913,0.10636584579002913,0.10636584579002913,0.10636584579002913,0.10636584579002913,0.10636584579002913,0.10636584579002913,0.10636584579002913,0.10636584579002913,0.10636584579002913,0.0,0.0,0.0,0.0,0.0,0.0,0.0,0.0,0.0,0.0,0.0,0.0,0.0,0.0,0.0,0.0,0.0,0.0,0.0,0.0,0.0
origin_duration,11.0,11.0,11.0,11.0,11.0,11.0,11.0,11.0,11.0,11.0,11.0,11.0,11.0,11.0,11.0,11.0,11.0,11.0,11.0,11.0,11.0,11.0,11.0,11.0,0.0,0.0,0.0,0.0,0.0,0.0,0.0,0.0,0.0,0.0,0.0,0.0,0.0,0.0,0.0,0.0,0.0,0.0,0.0,0.0,0.0
dest_duration,1.0,1.0,1.0,1.0,1.0,1.0,1.0,1.0,1.0,1.0,1.0,1.0,1.0,1.0,1.0,1.0,1.0,1.0,1.0,1.0,1.0,1.0,1.0,1.0,1.0,1.0,1.0,1.0,1.0,1.0,1.0,1.0,1.0,1.0,1.0,1.0,1.0,1.0,1.0,1.0,1.0,1.0,1.0,1.0,1.0
origin_parking_cost,1.1700243036903204,1.1700243036903204,1.1700243036903204,1.1700243036903204,1.1700243036903204,1.1700243036903204,1.1700243036903204,1.1700243036903204,1.1700243036903204,1.1700243036903204,1.1700243036903204,1.1700243036903204,1.1700243036903204,1.1700243036903204,1.1700243036903204,1.1700243036903204,1.1700243036903204,1.1700243036903204,1.1700243036903204,1.1700243036903204,1.1700243036903204,1.1700243036903204,1.1700243036903204,1.1700243036903204,0.0,0.0,0.0,0.0,0.0,0.0,0.0,0.0,0.0,0.0,0.0,0.0,0.0,0.0,0.0,0.0,0.0,0.0,0.0,0.0,0.0
dest_parking_cost,12.82942593291068,9.366602331536852,4.482590707009378,16.775468883690955,1.0978105158349578,14.861684007540694,0.0,1.926055146596945,0.9193990454462386,12.308428111013631,99.54216736297545,12.062996514953728,2.160284114733179,0.0,2.1776837568969363,0.0,18.56199301484871,0.0,0.03517325417568218,7.002065068397656,1.291354879181704,3.47350672828827,2.0566648135362366,0.0,1.185985316572871,10.660852082892903,7.0142285959832105,11.034230768295735,16.775468883690955,1.926055146596945,0.0,8.435374569650673,6.4404999001122025,8.880785305045881,0.0,4.301249363941073,0.0,0.0,0.0,1.5453411313450534,7.099210115050621,6.691038650957581,0.9604287702878572,2.4313508314945587,4.797122356340453
total_parking_cost,6.999725118300501,5.268313317613586,2.8263075053498494,8.972746593690637,1.1339174097626392,8.015854155615507,0.5850121518451602,1.5480397251436329,1.0447116745682794,6.739226207351976,50.35609583333289,6.616510409322024,1.6651542092117495,0.5850121518451602,1.6738540302936284,0.5850121518451602,9.866008659269514,0.5850121518451602,0.6025987789330013,4.086044686043988,1.230689591436012,2.3217655159892954,1.6133445586132784,0.5850121518451602,0.5929926582864355,5.330426041446452,3.5071142979916052,5.517115384147868,8.387734441845478,0.9630275732984726,0.0,4.217687284825336,3.2202499500561013,4.440392652522941,0.0,2.1506246819705366,0.0,0.0,0.0,0.7726705656725267,3.5496050575253104,3.3455193254787905,0.4802143851439286,1.2156754157472793,2.3985611781702265
trip_topology,1,1,1,1,1,1,1,1,1,1,1,1,1,1,1,1,1,1,1,1,1,1,1,1,1,1,1,1,1,1,1,1,1,1,1,1,1,1,1,1,1,1,1,1,1
density_index,0.005496208254685181,0.005496208254685181,0.005496208254685181,0.005496208254685181,0.005496208254685181,0.005496208254685181,0.005496208254685181,0.005496208254685181,0.005496208254685181,0.005496208254685181,0.005496208254685181,0.005496208254685181,0.005496208254685181,0.005496208254685181,0.005496208254685181,0.005496208254685181,0.005496208254685181,0.005496208254685181,0.005496208254685181,0.005496208254685181,0.005496208254685181,0.005496208254685181,0.005496208254685181,0.005496208254685181,0.0015209581752477657,0.09672439038959907,1.1672951965994358,2.7997451257824753,3.0529092820230805,1.5516800128032324,3.241895535575183,2.7235655693624543,2.421658594235017,0.6567953656528913,1.7578389249089423,2.427959985951956,1.410547208154786,0.8546757032366399,0.03055838123198947,0.009499579431009462,0.14803418211436747,3.1949671199946543,1.4846759934804712,1.0450410987663303,2.0971985803124094
origin_density_index,0.0066719788736875904,0.5687161675985741,1.4253216241286635,3.0529092820230805,2.0372273538571943,2.4754202208838207,0.31676569545863403,1.5516800128032324,1.4499791176761367,2.8414445785062266,4.0850304941346955,2.1055003901263487,1.7484068682973974,0.6420585145341373,1.8564833973814086,1.545365125042903,5.086953564283277,1.4335795397703297,1.3335532036980726,2.2054238422499264,1.401447684845198,0.9797715457046775,1.196713009777651,0.011995633129135016,0.6296254323592501,0.6296254323592501,0.6296254323592501,0.6296254323592501,0.6296254323592501,0.6296254323592501,0.6296254323592501,0.6296254323592501,0.6296254323592501,0.6296254323592501,0.6296254323592501,0.6296254323592501,0.6296254323592501,0.6296254323592501,0.6296254323592501,0.6296254323592501,0.6296254323592501,0.6296254323592501,0.6296254323592501,0.6296254323592501,0.6296254323592501
_walk_transit_origin,True,True,True,True,True,True,True,True,True,True,True,True,True,True,True,True,True,True,True,True,True,True,True,True,True,True,True,True,True,True,True,True,True,True,True,True,True,True,True,True,True,True,True,True,True
_walk_transit_destination,True,True,True,True,True,True,True,True,True,True,True,True,True,True,True,True,True,True,True,True,True,True,True,True,True,True,True,True,True,True,True,True,True,True,True,True,True,True,True,True,True,True,True,True,True
walk_transit_available,True,True,True,True,True,True,True,True,True,True,True,True,True,True,True,True,True,True,True,True,True,True,True,True,True,True,True,True,True,True,True,True,True,True,True,True,True,True,True,True,True,True,True,True,True
drive_transit_available,True,True,True,True,True,True,True,True,True,True,True,True,True,True,True,True,True,True,True,True,True,True,True,True,True,True,True,True,True,True,True,True,True,True,True,True,True,True,True,True,True,True,True,True,True
origin_walk_time,6.66,6.66,6.66,6.66,6.66,6.66,6.66,6.66,6.66,6.66,6.66,6.66,6.66,6.66,6.66,6.66,6.66,6.66,6.66,6.66,6.66,6.66,6.66,6.66,6.66,6.66,6.66,6.66,6.66,6.66,6.66,6.66,6.66,6.66,6.66,6.66,6.66,6.66,6.66,6.66,6.66,6.66,6.66,6.66,6.66
destination_walk_time,6.66,6.66,6.66,6.66,6.66,6.66,6.66,6.66,6.66,6.66,6.66,6.66,6.66,6.66,6.66,6.66,6.66,6.66,6.66,6.66,6.66,6.66,6.66,6.66,6.66,6.66,6.66,6.66,6.66,6.66,6.66,6.66,6.66,6.66,6.66,6.66,6.66,6.66,6.66,6.66,6.66,6.66,6.66,6.66,6.66
origin_density_measure,180.257219472516,180.257219472516,180.257219472516,180.257219472516,180.257219472516,180.257219472516,180.257219472516,180.257219472516,180.257219472516,180.257219472516,180.257219472516,180.257219472516,180.257219472516,180.257219472516,180.257219472516,180.257219472516,180.257219472516,180.257219472516,180.257219472516,180.257219472516,180.257219472516,180.257219472516,180.257219472516,180.257219472516,5578.776372491014,5578.776372491014,5578.776372491014,5578.776372491014,5578.776372491014,5578.776372491014,5578.776372491014,5578.776372491014,5578.776372491014,5578.776372491014,5578.776372491014,5578.776372491014,5578.776372491014,5578.776372491014,5578.776372491014,5578.776372491014,5578.776372491014,5578.776372491014,5578.776372491014,5578.776372491014,5578.776372491014
origin_density,5,5,5,5,5,5,5,5,5,5,5,5,5,5,5,5,5,5,5,5,5,5,5,5,2,2,2,2,2,2,2,2,2,2,2,2,2,2,2,2,2,2,2,2,2
origin_zone_taxi_wait_time_mean,26.5,26.5,26.5,26.5,26.5,26.5,26.5,26.5,26.5,26.5,26.5,26.5,26.5,26.5,26.5,26.5,26.5,26.5,26.5,26.5,26.5,26.5,26.5,26.5,9.5,9.5,9.5,9.5,9.5,9.5,9.5,9.5,9.5,9.5,9.5,9.5,9.5,9.5,9.5,9.5,9.5,9.5,9.5,9.5,9.5
origin_zone_taxi_wait_time_sd,0,0,0,0,0,0,0,0,0,0,0,0,0,0,0,0,0,0,0,0,0,0,0,0,0,0,0,0,0,0,0,0,0,0,0,0,0,0,0,0,0,0,0,0,0
origTaxiWaitTime,26.5,26.5,26.5,26.5,26.5,26.5,26.5,26.5,26.5,26.5,26.5,26.5,26.5,26.5,26.5,26.5,26.5,26.5,26.5,26.5,26.5,26.5,26.5,26.5,9.500000000000002,9.500000000000002,9.500000000000002,9.500000000000002,9.500000000000002,9.500000000000002,9.500000000000002,9.500000000000002,9.500000000000002,9.500000000000002,9.500000000000002,9.500000000000002,9.500000000000002,9.500000000000002,9.500000000000002,9.500000000000002,9.500000000000002,9.500000000000002,9.500000000000002,9.500000000000002,9.500000000000002
origin_zone_singleTNC_wait_time_mean,10.3,10.3,10.3,10.3,10.3,10.3,10.3,10.3,10.3,10.3,10.3,10.3,10.3,10.3,10.3,10.3,10.3,10.3,10.3,10.3,10.3,10.3,10.3,10.3,6.3,6.3,6.3,6.3,6.3,6.3,6.3,6.3,6.3,6.3,6.3,6.3,6.3,6.3,6.3,6.3,6.3,6.3,6.3,6.3,6.3
origin_zone_singleTNC_wait_time_sd,0,0,0,0,0,0,0,0,0,0,0,0,0,0,0,0,0,0,0,0,0,0,0,0,0,0,0,0,0,0,0,0,0,0,0,0,0,0,0,0,0,0,0,0,0
origSingleTNCWaitTime,10.299999999999999,10.299999999999999,10.299999999999999,10.299999999999999,10.299999999999999,10.299999999999999,10.299999999999999,10.299999999999999,10.299999999999999,10.299999999999999,10.299999999999999,10.299999999999999,10.299999999999999,10.299999999999999,10.299999999999999,10.299999999999999,10.299999999999999,10.299999999999999,10.299999999999999,10.299999999999999,10.299999999999999,10.299999999999999,10.299999999999999,10.299999999999999,6.299999999999999,6.299999999999999,6.299999999999999,6.299999999999999,6.299999999999999,6.299999999999999,6.299999999999999,6.299999999999999,6.299999999999999,6.299999999999999,6.299999999999999,6.299999999999999,6.299999999999999,6.299999999999999,6.299999999999999,6.299999999999999,6.299999999999999,6.299999999999999,6.299999999999999,6.299999999999999,6.299999999999999
origin_zone_sharedTNC_wait_time_mean,15.0,15.0,15.0,15.0,15.0,15.0,15.0,15.0,15.0,15.0,15.0,15.0,15.0,15.0,15.0,15.0,15.0,15.0,15.0,15.0,15.0,15.0,15.0,15.0,8.0,8.0,8.0,8.0,8.0,8.0,8.0,8.0,8.0,8.0,8.0,8.0,8.0,8.0,8.0,8.0,8.0,8.0,8.0,8.0,8.0
origin_zone_sharedTNC_wait_time_sd,0,0,0,0,0,0,0,0,0,0,0,0,0,0,0,0,0,0,0,0,0,0,0,0,0,0,0,0,0,0,0,0,0,0,0,0,0,0,0,0,0,0,0,0,0
origSharedTNCWaitTime,15.0,15.0,15.0,15.0,15.0,15.0,15.0,15.0,15.0,15.0,15.0,15.0,15.0,15.0,15.0,15.0,15.0,15.0,15.0,15.0,15.0,15.0,15.0,15.0,7.999999999999998,7.999999999999998,7.999999999999998,7.999999999999998,7.999999999999998,7.999999999999998,7.999999999999998,7.999999999999998,7.999999999999998,7.999999999999998,7.999999999999998,7.999999999999998,7.999999999999998,7.999999999999998,7.999999999999998,7.999999999999998,7.999999999999998,7.999999999999998,7.999999999999998,7.999999999999998,7.999999999999998
sov_available,True,True,True,True,True,True,True,True,True,True,True,True,True,True,True,True,True,True,True,True,True,True,True,True,True,True,True,True,True,True,True,True,True,True,True,True,True,True,True,True,True,True,True,True,True
hov2_available,True,True,True,True,True,True,True,True,True,True,True,True,True,True,True,True,True,True,True,True,True,True,True,True,True,True,True,True,True,True,True,True,True,True,True,True,True,True,True,True,True,True,True,True,True
hov3_available,True,True,True,True,True,True,True,True,True,True,True,True,True,True,True,True,True,True,True,True,True,True,True,True,True,True,True,True,True,True,True,True,True,True,True,True,True,True,True,True,True,True,True,True,True
sovtoll_available,False,False,False,False,False,False,False,False,False,False,False,False,False,False,False,False,False,False,False,False,False,False,False,False,False,False,False,False,False,False,False,False,False,False,False,False,False,False,False,False,False,False,False,False,False
hov2toll_available,False,False,False,False,False,False,False,False,False,False,False,False,False,False,False,False,False,False,False,False,False,False,False,False,False,False,False,False,False,False,True,True,False,True,False,False,True,True,False,False,False,False,False,False,False
hov3toll_available,False,False,False,False,False,False,False,False,False,False,False,False,False,False,False,False,False,False,False,False,False,False,False,False,False,False,False,False,False,False,False,False,False,False,False,False,False,False,False,False,False,False,False,False,False
walk_local_available,False,False,False,False,False,False,False,False,False,False,False,False,False,False,False,False,False,False,False,False,False,False,False,False,False,False,True,True,True,True,True,True,True,True,True,True,True,True,False,False,True,True,True,True,True
walk_lrf_available,False,False,False,False,False,False,False,False,False,False,False,False,False,False,False,False,False,False,False,False,False,False,False,False,False,False,False,False,False,False,False,False,False,False,False,False,False,False,False,False,False,False,False,False,False
walk_express_available,False,False,False,False,False,False,False,False,False,False,False,False,False,False,False,False,False,False,False,False,False,False,False,False,False,False,False,False,False,False,False,False,False,False,False,False,False,False,False,False,False,False,False,False,False
walk_heavyrail_available,False,False,False,False,False,False,False,False,False,False,False,False,False,False,False,False,False,False,False,False,False,False,False,False,False,False,False,False,False,False,False,False,False,False,False,False,False,False,False,False,False,False,False,False,False
walk_commuter_available,False,False,False,False,False,False,False,False,False,False,False,False,False,False,False,False,False,False,False,False,False,False,False,False,False,False,False,False,False,False,False,False,False,False,False,False,False,False,False,False,False,False,False,False,False
drive_local_available_outbound,False,False,False,False,False,False,False,False,False,False,False,False,False,False,False,False,False,False,False,False,False,False,False,False,False,False,True,True,True,True,True,True,True,True,True,True,True,True,False,False,True,True,True,True,True
drive_local_available_inbound,False,False,False,False,False,False,False,False,False,False,False,False,False,False,False,False,False,False,False,False,False,False,False,False,False,False,False,False,False,False,False,False,False,False,False,False,False,False,False,False,False,False,False,False,False
drive_lrf_available_outbound,False,False,False,False,False,False,False,False,False,False,False,False,False,False,False,False,False,False,False,False,False,False,False,False,False,False,False,False,False,False,False,False,False,False,False,False,False,False,False,False,False,False,False,False,False
drive_lrf_available_inbound,False,False,False,False,False,False,False,False,False,False,False,False,False,False,False,False,False,False,False,False,False,False,False,False,False,False,False,False,False,False,False,False,False,False,False,False,False,False,False,False,False,False,False,False,False
drive_express_available_outbound,False,False,False,False,False,False,False,False,False,False,False,False,False,False,False,False,False,False,False,False,False,False,False,False,False,False,False,False,False,False,False,False,False,False,False,False,False,False,False,False,False,False,False,False,False
drive_express_available_inbound,False,False,False,False,False,False,False,False,False,False,False,False,False,False,False,False,False,False,False,False,False,False,False,False,False,False,False,False,False,False,False,False,False,False,False,False,False,False,False,False,False,False,False,False,False
drive_heavyrail_available_outbound,False,False,False,False,False,False,False,False,False,False,False,False,False,False,False,False,False,False,False,False,False,False,False,False,False,False,False,False,False,False,False,False,False,False,False,False,False,False,False,False,False,False,False,False,False
drive_heavyrail_available_inbound,False,False,False,False,False,False,False,False,False,False,False,False,False,False,False,False,False,False,False,False,False,False,False,False,False,False,False,False,False,False,False,False,False,False,False,False,False,False,False,False,False,False,False,False,False
drive_commuter_available_outbound,False,False,False,False,False,False,False,False,False,False,False,False,False,False,False,False,False,False,False,False,False,False,False,False,False,False,False,False,False,False,False,False,False,False,False,False,False,False,False,False,False,False,False,False,False
drive_commuter_available_inbound,False,False,False,False,False,False,False,False,False,False,False,False,False,False,False,False,False,False,False,False,False,False,False,False,False,False,False,False,False,False,False,False,False,False,False,False,False,False,False,False,False,False,False,False,False
walk_ferry_available,False,False,False,False,False,False,False,False,False,False,False,False,False,False,False,False,False,False,False,False,False,False,False,False,False,False,False,False,False,False,False,False,False,False,False,False,False,False,False,False,False,False,False,False,False
_drive_ferry_available_outbound,False,False,False,False,False,False,False,False,False,False,False,False,False,False,False,False,False,False,False,False,False,False,False,False,False,False,False,False,False,False,False,False,False,False,False,False,False,False,False,False,False,False,False,False,False
_drive_ferry_available_inbound,False,False,False,False,False,False,False,False,False,False,False,False,False,False,False,False,False,False,False,False,False,False,False,False,False,False,False,False,False,False,False,False,False,False,False,False,False,False,False,False,False,False,False,False,False
drive_ferry_available,False,False,False,False,False,False,False,False,False,False,False,False,False,False,False,False,False,False,False,False,False,False,False,False,False,False,False,False,False,False,False,False,False,False,False,False,False,False,False,False,False,False,False,False,False
